prefecture_code,prefecture_name_ja,survey_year,observation_count_per_m2,baseline_average_count_per_m2,official_comparison_percent,baseline_note,source_url,source_page,source_section,published_date,retrieved_at,publisher,rights_note
01,北海道,2025,3340,1019,328,1-year average,https://www.env.go.jp/content/000365031.pdf,1,資料1,2025-12-23,2026-08-07T17:14:09Z,"Ministry of the Environment, Japan",Source facts reproduced with attribution; verify reuse terms at env.go.jp.
02,青森県,2025,2651,5973,44,10-year average (2015-2024),https://www.env.go.jp/content/000365031.pdf,1,資料1,2025-12-23,2026-08-07T17:14:09Z,"Ministry of the Environment, Japan",Source facts reproduced with attribution; verify reuse terms at env.go.jp.
03,岩手県,2025,2986,6083,49,10-year average (2015-2024),https://www.env.go.jp/content/000365031.pdf,1,資料1,2025-12-23,2026-08-07T17:14:09Z,"Ministry of the Environment, Japan",Source facts reproduced with attribution; verify reuse terms at env.go.jp.
04,宮城県,2025,1344,1270,106,10-year average (2015-2024),https://www.env.go.jp/content/000365031.pdf,1,資料1,2025-12-23,2026-08-07T17:14:09Z,"Ministry of the Environment, Japan",Source facts reproduced with attribution; verify reuse terms at env.go.jp.
05,秋田県,2025,4057,4782,85,10-year average (2015-2024),https://www.env.go.jp/content/000365031.pdf,1,資料1,2025-12-23,2026-08-07T17:14:09Z,"Ministry of the Environment, Japan",Source facts reproduced with attribution; verify reuse terms at env.go.jp.
06,山形県,2025,6860,2990,229,10-year average (2015-2024),https://www.env.go.jp/content/000365031.pdf,1,資料1,2025-12-23,2026-08-07T17:14:09Z,"Ministry of the Environment, Japan",Source facts reproduced with attribution; verify reuse terms at env.go.jp.
07,福島県,2025,5965,7049,85,10-year average (2015-2024),https://www.env.go.jp/content/000365031.pdf,1,資料1,2025-12-23,2026-08-07T17:14:09Z,"Ministry of the Environment, Japan",Source facts reproduced with attribution; verify reuse terms at env.go.jp.
08,茨城県,2025,4649,5495,85,10-year average (2015-2024),https://www.env.go.jp/content/000365031.pdf,1,資料1,2025-12-23,2026-08-07T17:14:09Z,"Ministry of the Environment, Japan",Source facts reproduced with attribution; verify reuse terms at env.go.jp.
09,栃木県,2025,7857,4249,185,10-year average (2015-2024),https://www.env.go.jp/content/000365031.pdf,1,資料1,2025-12-23,2026-08-07T17:14:09Z,"Ministry of the Environment, Japan",Source facts reproduced with attribution; verify reuse terms at env.go.jp.
10,群馬県,2025,8965,6627,135,10-year average (2015-2024),https://www.env.go.jp/content/000365031.pdf,1,資料1,2025-12-23,2026-08-07T17:14:09Z,"Ministry of the Environment, Japan",Source facts reproduced with attribution; verify reuse terms at env.go.jp.
11,埼玉県,2025,5527,6236,89,10-year average (2015-2024),https://www.env.go.jp/content/000365031.pdf,1,資料1,2025-12-23,2026-08-07T17:14:09Z,"Ministry of the Environment, Japan",Source facts reproduced with attribution; verify reuse terms at env.go.jp.
12,千葉県,2025,9721,6007,162,10-year average (2015-2024),https://www.env.go.jp/content/000365031.pdf,1,資料1,2025-12-23,2026-08-07T17:14:09Z,"Ministry of the Environment, Japan",Source facts reproduced with attribution; verify reuse terms at env.go.jp.
13,東京都,2025,4938,5681,87,10-year average (2015-2024),https://www.env.go.jp/content/000365031.pdf,1,資料1,2025-12-23,2026-08-07T17:14:09Z,"Ministry of the Environment, Japan",Source facts reproduced with attribution; verify reuse terms at env.go.jp.
14,神奈川県,2025,11074,9302,119,10-year average (2015-2024),https://www.env.go.jp/content/000365031.pdf,1,資料1,2025-12-23,2026-08-07T17:14:09Z,"Ministry of the Environment, Japan",Source facts reproduced with attribution; verify reuse terms at env.go.jp.
15,新潟県,2025,6024,7958,76,10-year average (2015-2024),https://www.env.go.jp/content/000365031.pdf,1,資料1,2025-12-23,2026-08-07T17:14:09Z,"Ministry of the Environment, Japan",Source facts reproduced with attribution; verify reuse terms at env.go.jp.
16,富山県,2025,5425,6589,82,10-year average (2015-2024),https://www.env.go.jp/content/000365031.pdf,1,資料1,2025-12-23,2026-08-07T17:14:09Z,"Ministry of the Environment, Japan",Source facts reproduced with attribution; verify reuse terms at env.go.jp.
17,石川県,2025,5149,7441,69,10-year average (2015-2024),https://www.env.go.jp/content/000365031.pdf,1,資料1,2025-12-23,2026-08-07T17:14:09Z,"Ministry of the Environment, Japan",Source facts reproduced with attribution; verify reuse terms at env.go.jp.
18,福井県,2025,6275,8141,77,10-year average (2015-2024),https://www.env.go.jp/content/000365031.pdf,1,資料1,2025-12-23,2026-08-07T17:14:09Z,"Ministry of the Environment, Japan",Source facts reproduced with attribution; verify reuse terms at env.go.jp.
19,山梨県,2025,6608,4902,135,2-year average,https://www.env.go.jp/content/000365031.pdf,1,資料1,2025-12-23,2026-08-07T17:14:09Z,"Ministry of the Environment, Japan",Source facts reproduced with attribution; verify reuse terms at env.go.jp.
20,長野県,2025,3174,2736,116,1-year average,https://www.env.go.jp/content/000365031.pdf,1,資料1,2025-12-23,2026-08-07T17:14:09Z,"Ministry of the Environment, Japan",Source facts reproduced with attribution; verify reuse terms at env.go.jp.
21,岐阜県,2025,6699,4927,136,1-year average,https://www.env.go.jp/content/000365031.pdf,1,資料1,2025-12-23,2026-08-07T17:14:09Z,"Ministry of the Environment, Japan",Source facts reproduced with attribution; verify reuse terms at env.go.jp.
22,静岡県,2025,9816,4568,215,10-year average (2015-2024),https://www.env.go.jp/content/000365031.pdf,1,資料1,2025-12-23,2026-08-07T17:14:09Z,"Ministry of the Environment, Japan",Source facts reproduced with attribution; verify reuse terms at env.go.jp.
23,愛知県,2025,10560,4969,213,10-year average (2015-2024),https://www.env.go.jp/content/000365031.pdf,1,資料1,2025-12-23,2026-08-07T17:14:09Z,"Ministry of the Environment, Japan",Source facts reproduced with attribution; verify reuse terms at env.go.jp.
24,三重県,2025,11518,7691,150,1-year average,https://www.env.go.jp/content/000365031.pdf,1,資料1,2025-12-23,2026-08-07T17:14:09Z,"Ministry of the Environment, Japan",Source facts reproduced with attribution; verify reuse terms at env.go.jp.
25,滋賀県,2025,9970,10749,93,1-year average,https://www.env.go.jp/content/000365031.pdf,1,資料1,2025-12-23,2026-08-07T17:14:09Z,"Ministry of the Environment, Japan",Source facts reproduced with attribution; verify reuse terms at env.go.jp.
26,京都府,2025,12090,4444,272,10-year average (2015-2024),https://www.env.go.jp/content/000365031.pdf,1,資料1,2025-12-23,2026-08-07T17:14:09Z,"Ministry of the Environment, Japan",Source facts reproduced with attribution; verify reuse terms at env.go.jp.
27,大阪府,2025,16925,5368,315,10-year average (2015-2024),https://www.env.go.jp/content/000365031.pdf,1,資料1,2025-12-23,2026-08-07T17:14:09Z,"Ministry of the Environment, Japan",Source facts reproduced with attribution; verify reuse terms at env.go.jp.
28,兵庫県,2025,2223,2185,102,10-year average (2015-2024),https://www.env.go.jp/content/000365031.pdf,1,資料1,2025-12-23,2026-08-07T17:14:09Z,"Ministry of the Environment, Japan",Source facts reproduced with attribution; verify reuse terms at env.go.jp.
29,奈良県,2025,8631,2765,312,10-year average (2015-2024),https://www.env.go.jp/content/000365031.pdf,1,資料1,2025-12-23,2026-08-07T17:14:09Z,"Ministry of the Environment, Japan",Source facts reproduced with attribution; verify reuse terms at env.go.jp.
30,和歌山県,2025,16575,21050,79,1-year average,https://www.env.go.jp/content/000365031.pdf,1,資料1,2025-12-23,2026-08-07T17:14:09Z,"Ministry of the Environment, Japan",Source facts reproduced with attribution; verify reuse terms at env.go.jp.
31,鳥取県,2025,10336,5125,202,10-year average (2015-2024),https://www.env.go.jp/content/000365031.pdf,1,資料1,2025-12-23,2026-08-07T17:14:09Z,"Ministry of the Environment, Japan",Source facts reproduced with attribution; verify reuse terms at env.go.jp.
32,島根県,2025,10048,5234,192,10-year average (2015-2024),https://www.env.go.jp/content/000365031.pdf,1,資料1,2025-12-23,2026-08-07T17:14:09Z,"Ministry of the Environment, Japan",Source facts reproduced with attribution; verify reuse terms at env.go.jp.
33,岡山県,2025,9287,5322,175,10-year average (2015-2024),https://www.env.go.jp/content/000365031.pdf,1,資料1,2025-12-23,2026-08-07T17:14:09Z,"Ministry of the Environment, Japan",Source facts reproduced with attribution; verify reuse terms at env.go.jp.
34,広島県,2025,3560,4235,84,10-year average (2015-2024),https://www.env.go.jp/content/000365031.pdf,1,資料1,2025-12-23,2026-08-07T17:14:09Z,"Ministry of the Environment, Japan",Source facts reproduced with attribution; verify reuse terms at env.go.jp.
35,山口県,2025,4491,7528,60,10-year average (2015-2024),https://www.env.go.jp/content/000365031.pdf,1,資料1,2025-12-23,2026-08-07T17:14:09Z,"Ministry of the Environment, Japan",Source facts reproduced with attribution; verify reuse terms at env.go.jp.
36,徳島県,2025,21205,8264,257,10-year average (2015-2024),https://www.env.go.jp/content/000365031.pdf,1,資料1,2025-12-23,2026-08-07T17:14:09Z,"Ministry of the Environment, Japan",Source facts reproduced with attribution; verify reuse terms at env.go.jp.
37,香川県,2025,4298,6509,66,10-year average (2015-2024),https://www.env.go.jp/content/000365031.pdf,1,資料1,2025-12-23,2026-08-07T17:14:09Z,"Ministry of the Environment, Japan",Source facts reproduced with attribution; verify reuse terms at env.go.jp.
38,愛媛県,2025,11893,7210,165,10-year average (2015-2024),https://www.env.go.jp/content/000365031.pdf,1,資料1,2025-12-23,2026-08-07T17:14:09Z,"Ministry of the Environment, Japan",Source facts reproduced with attribution; verify reuse terms at env.go.jp.
39,高知県,2025,4064,5974,68,10-year average (2015-2024),https://www.env.go.jp/content/000365031.pdf,1,資料1,2025-12-23,2026-08-07T17:14:09Z,"Ministry of the Environment, Japan",Source facts reproduced with attribution; verify reuse terms at env.go.jp.
40,福岡県,2025,2823,2199,128,10-year average (2015-2024),https://www.env.go.jp/content/000365031.pdf,1,資料1,2025-12-23,2026-08-07T17:14:09Z,"Ministry of the Environment, Japan",Source facts reproduced with attribution; verify reuse terms at env.go.jp.
41,佐賀県,2025,6423,4562,141,1-year average,https://www.env.go.jp/content/000365031.pdf,1,資料1,2025-12-23,2026-08-07T17:14:09Z,"Ministry of the Environment, Japan",Source facts reproduced with attribution; verify reuse terms at env.go.jp.
42,長崎県,2025,3382,3991,85,1-year average,https://www.env.go.jp/content/000365031.pdf,1,資料1,2025-12-23,2026-08-07T17:14:09Z,"Ministry of the Environment, Japan",Source facts reproduced with attribution; verify reuse terms at env.go.jp.
43,熊本県,2025,1531,1220,125,1-year average,https://www.env.go.jp/content/000365031.pdf,1,資料1,2025-12-23,2026-08-07T17:14:09Z,"Ministry of the Environment, Japan",Source facts reproduced with attribution; verify reuse terms at env.go.jp.
44,大分県,2025,2879,2543,113,10-year average (2015-2024),https://www.env.go.jp/content/000365031.pdf,1,資料1,2025-12-23,2026-08-07T17:14:09Z,"Ministry of the Environment, Japan",Source facts reproduced with attribution; verify reuse terms at env.go.jp.
45,宮崎県,2025,2186,2855,77,1-year average,https://www.env.go.jp/content/000365031.pdf,1,資料1,2025-12-23,2026-08-07T17:14:09Z,"Ministry of the Environment, Japan",Source facts reproduced with attribution; verify reuse terms at env.go.jp.
46,鹿児島県,2025,2194,2447,90,1-year average,https://www.env.go.jp/content/000365031.pdf,1,資料1,2025-12-23,2026-08-07T17:14:09Z,"Ministry of the Environment, Japan",Source facts reproduced with attribution; verify reuse terms at env.go.jp.
47,沖縄県,2025,668,,,new observation; no historical baseline,https://www.env.go.jp/content/000365031.pdf,1,資料1,2025-12-23,2026-08-07T17:14:09Z,"Ministry of the Environment, Japan",Source facts reproduced with attribution; verify reuse terms at env.go.jp.
